subjects;time;condition;modulation_evoked;amplitude_evoked;RDK_electrodes
1;[250 1000]ms;primed;24.4694429533588;2.17513636297377;'P7','P5','P9','PO3','PO7','O1','I1','POz','Oz','Iz','P8','P6','PO4','PO8','P10','O2','I2'
1;[1000 1750]ms;primed;4.47447485366638;1.91336667865412;'P7','P5','P9','PO3','PO7','O1','I1','POz','Oz','Iz','P8','P6','PO4','PO8','P10','O2','I2'
1;[250 1000]ms;nonprimed;10.1017523696742;1.9579646786054;'P7','P5','P9','PO3','PO7','O1','I1','POz','Oz','Iz','P8','P6','PO4','PO8','P10','O2','I2'
1;[1000 1750]ms;nonprimed;23.1842598734852;2.10481096153816;'P7','P5','P9','PO3','PO7','O1','I1','POz','Oz','Iz','P8','P6','PO4','PO8','P10','O2','I2'
1;[250 1000]ms;not attended;-2.39051685710134;1.97419330078302;'P7','P5','P9','PO3','PO7','O1','I1','POz','Oz','Iz','P8','P6','PO4','PO8','P10','O2','I2'
1;[1000 1750]ms;not attended;-1.09493596775016;2.00455032365838;'P7','P5','P9','PO3','PO7','O1','I1','POz','Oz','Iz','P8','P6','PO4','PO8','P10','O2','I2'
2;[250 1000]ms;primed;20.2486783237392;2.35504115201354;'P7','P5','P9','PO3','PO7','O1','I1','POz','Oz','Iz','P8','P6','PO4','PO8','P10','O2','I2'
2;[1000 1750]ms;primed;3.06095964228574;2.1307280518345;'P7','P5','P9','PO3','PO7','O1','I1','POz','Oz','Iz','P8','P6','PO4','PO8','P10','O2','I2'
2;[250 1000]ms;nonprimed;-12.7145729712195;1.66933878098976;'P7','P5','P9','PO3','PO7','O1','I1','POz','Oz','Iz','P8','P6','PO4','PO8','P10','O2','I2'
2;[1000 1750]ms;nonprimed;-6.08853572340765;1.77921910425232;'P7','P5','P9','PO3','PO7','O1','I1','POz','Oz','Iz','P8','P6','PO4','PO8','P10','O2','I2'
2;[250 1000]ms;not attended;-5.83408358334676;1.72530573586008;'P7','P5','P9','PO3','PO7','O1','I1','POz','Oz','Iz','P8','P6','PO4','PO8','P10','O2','I2'
2;[1000 1750]ms;not attended;7.97528767831547;1.8841302919224;'P7','P5','P9','PO3','PO7','O1','I1','POz','Oz','Iz','P8','P6','PO4','PO8','P10','O2','I2'
3;[250 1000]ms;primed;16.2746678594871;4.85834141859074;'P7','P5','P9','PO3','PO7','O1','I1','POz','Oz','Iz','P8','P6','PO4','PO8','P10','O2','I2'
3;[1000 1750]ms;primed;-1.11799126720101;4.23614340262724;'P7','P5','P9','PO3','PO7','O1','I1','POz','Oz','Iz','P8','P6','PO4','PO8','P10','O2','I2'
3;[250 1000]ms;nonprimed;-6.76616167202848;4.0916895129017;'P7','P5','P9','PO3','PO7','O1','I1','POz','Oz','Iz','P8','P6','PO4','PO8','P10','O2','I2'
3;[1000 1750]ms;nonprimed;19.3790251413981;5.06134035988772;'P7','P5','P9','PO3','PO7','O1','I1','POz','Oz','Iz','P8','P6','PO4','PO8','P10','O2','I2'
3;[250 1000]ms;not attended;-21.1070974946432;3.87262431084086;'P7','P5','P9','PO3','PO7','O1','I1','POz','Oz','Iz','P8','P6','PO4','PO8','P10','O2','I2'
3;[1000 1750]ms;not attended;-18.5414262948577;3.94837158037625;'P7','P5','P9','PO3','PO7','O1','I1','POz','Oz','Iz','P8','P6','PO4','PO8','P10','O2','I2'
4;[250 1000]ms;primed;4.74506420941697;3.16510254615771;'P7','P5','P9','PO3','PO7','O1','I1','POz','Oz','Iz','P8','P6','PO4','PO8','P10','O2','I2'
4;[1000 1750]ms;primed;-5.15301051746119;2.94818654338928;'P7','P5','P9','PO3','PO7','O1','I1','POz','Oz','Iz','P8','P6','PO4','PO8','P10','O2','I2'
4;[250 1000]ms;nonprimed;3.9477847556478;3.25582510663062;'P7','P5','P9','PO3','PO7','O1','I1','POz','Oz','Iz','P8','P6','PO4','PO8','P10','O2','I2'
4;[1000 1750]ms;nonprimed;8.19308366808285;3.39843454025046;'P7','P5','P9','PO3','PO7','O1','I1','POz','Oz','Iz','P8','P6','PO4','PO8','P10','O2','I2'
4;[250 1000]ms;not attended;-9.78952104774947;2.75745218848854;'P7','P5','P9','PO3','PO7','O1','I1','POz','Oz','Iz','P8','P6','PO4','PO8','P10','O2','I2'
4;[1000 1750]ms;not attended;-16.762981465592;2.60774702509654;'P7','P5','P9','PO3','PO7','O1','I1','POz','Oz','Iz','P8','P6','PO4','PO8','P10','O2','I2'
6;[250 1000]ms;primed;36.0645248447497;3.66666933515228;'P7','P5','P9','PO3','PO7','O1','I1','POz','Oz','Iz','P8','P6','PO4','PO8','P10','O2','I2'
6;[1000 1750]ms;primed;13.8582747695372;3.21079828567112;'P7','P5','P9','PO3','PO7','O1','I1','POz','Oz','Iz','P8','P6','PO4','PO8','P10','O2','I2'
6;[250 1000]ms;nonprimed;-8.25922933394966;2.63790688563868;'P7','P5','P9','PO3','PO7','O1','I1','POz','Oz','Iz','P8','P6','PO4','PO8','P10','O2','I2'
6;[1000 1750]ms;nonprimed;-0.461531281880906;2.81345251868271;'P7','P5','P9','PO3','PO7','O1','I1','POz','Oz','Iz','P8','P6','PO4','PO8','P10','O2','I2'
6;[250 1000]ms;not attended;-8.10547863249107;2.68915590019161;'P7','P5','P9','PO3','PO7','O1','I1','POz','Oz','Iz','P8','P6','PO4','PO8','P10','O2','I2'
6;[1000 1750]ms;not attended;-13.1382750129372;2.66870129600014;'P7','P5','P9','PO3','PO7','O1','I1','POz','Oz','Iz','P8','P6','PO4','PO8','P10','O2','I2'
7;[250 1000]ms;primed;7.60993928024449;4.78843182632604;'P7','P5','P9','PO3','PO7','O1','I1','POz','Oz','Iz','P8','P6','PO4','PO8','P10','O2','I2'
7;[1000 1750]ms;primed;2.4585187107427;4.53298794076205;'P7','P5','P9','PO3','PO7','O1','I1','POz','Oz','Iz','P8','P6','PO4','PO8','P10','O2','I2'
7;[250 1000]ms;nonprimed;-6.58752369143299;4.5862299677023;'P7','P5','P9','PO3','PO7','O1','I1','POz','Oz','Iz','P8','P6','PO4','PO8','P10','O2','I2'
7;[1000 1750]ms;nonprimed;0.221219504412097;4.82010985690703;'P7','P5','P9','PO3','PO7','O1','I1','POz','Oz','Iz','P8','P6','PO4','PO8','P10','O2','I2'
7;[250 1000]ms;not attended;-17.9643279121504;3.78445995468454;'P7','P5','P9','PO3','PO7','O1','I1','POz','Oz','Iz','P8','P6','PO4','PO8','P10','O2','I2'
7;[1000 1750]ms;not attended;-12.422611214451;3.99818454903016;'P7','P5','P9','PO3','PO7','O1','I1','POz','Oz','Iz','P8','P6','PO4','PO8','P10','O2','I2'
8;[250 1000]ms;primed;29.7691300775587;4.4984915854595;'P7','P5','P9','PO3','PO7','O1','I1','POz','Oz','Iz','P8','P6','PO4','PO8','P10','O2','I2'
8;[1000 1750]ms;primed;3.26744722418769;3.77398178053066;'P7','P5','P9','PO3','PO7','O1','I1','POz','Oz','Iz','P8','P6','PO4','PO8','P10','O2','I2'
8;[250 1000]ms;nonprimed;-11.9034882796179;3.03523895830633;'P7','P5','P9','PO3','PO7','O1','I1','POz','Oz','Iz','P8','P6','PO4','PO8','P10','O2','I2'
8;[1000 1750]ms;nonprimed;4.05979821444377;3.55366551302553;'P7','P5','P9','PO3','PO7','O1','I1','POz','Oz','Iz','P8','P6','PO4','PO8','P10','O2','I2'
8;[250 1000]ms;not attended;-13.901943991684;2.97304191745024;'P7','P5','P9','PO3','PO7','O1','I1','POz','Oz','Iz','P8','P6','PO4','PO8','P10','O2','I2'
8;[1000 1750]ms;not attended;-17.5121534452406;2.95915818419243;'P7','P5','P9','PO3','PO7','O1','I1','POz','Oz','Iz','P8','P6','PO4','PO8','P10','O2','I2'
9;[250 1000]ms;primed;10.1388477279558;2.28729986161301;'P7','P5','P9','PO3','PO7','O1','I1','POz','Oz','Iz','P8','P6','PO4','PO8','P10','O2','I2'
9;[1000 1750]ms;primed;-9.68549796559966;1.86554224220748;'P7','P5','P9','PO3','PO7','O1','I1','POz','Oz','Iz','P8','P6','PO4','PO8','P10','O2','I2'
9;[250 1000]ms;nonprimed;-17.3573713466474;1.53860701891974;'P7','P5','P9','PO3','PO7','O1','I1','POz','Oz','Iz','P8','P6','PO4','PO8','P10','O2','I2'
9;[1000 1750]ms;nonprimed;-10.7369308348784;1.68448683158639;'P7','P5','P9','PO3','PO7','O1','I1','POz','Oz','Iz','P8','P6','PO4','PO8','P10','O2','I2'
9;[250 1000]ms;not attended;-18.6451260912459;1.54180691373307;'P7','P5','P9','PO3','PO7','O1','I1','POz','Oz','Iz','P8','P6','PO4','PO8','P10','O2','I2'
9;[1000 1750]ms;not attended;-9.4344314209784;1.72693980108831;'P7','P5','P9','PO3','PO7','O1','I1','POz','Oz','Iz','P8','P6','PO4','PO8','P10','O2','I2'
10;[250 1000]ms;primed;18.1167315879638;2.78798899945525;'P7','P5','P9','PO3','PO7','O1','I1','POz','Oz','Iz','P8','P6','PO4','PO8','P10','O2','I2'
10;[1000 1750]ms;primed;16.2429438399285;2.85481100721458;'P7','P5','P9','PO3','PO7','O1','I1','POz','Oz','Iz','P8','P6','PO4','PO8','P10','O2','I2'
10;[250 1000]ms;nonprimed;-8.1827369776788;2.61830323053799;'P7','P5','P9','PO3','PO7','O1','I1','POz','Oz','Iz','P8','P6','PO4','PO8','P10','O2','I2'
10;[1000 1750]ms;nonprimed;4.4880628020493;2.80395192501881;'P7','P5','P9','PO3','PO7','O1','I1','POz','Oz','Iz','P8','P6','PO4','PO8','P10','O2','I2'
10;[250 1000]ms;not attended;-4.89737210077109;2.57606383041828;'P7','P5','P9','PO3','PO7','O1','I1','POz','Oz','Iz','P8','P6','PO4','PO8','P10','O2','I2'
10;[1000 1750]ms;not attended;-7.99118695635976;2.40183002698872;'P7','P5','P9','PO3','PO7','O1','I1','POz','Oz','Iz','P8','P6','PO4','PO8','P10','O2','I2'
11;[250 1000]ms;primed;3.97231456094591;3.05081804388577;'P7','P5','P9','PO3','PO7','O1','I1','POz','Oz','Iz','P8','P6','PO4','PO8','P10','O2','I2'
11;[1000 1750]ms;primed;0.14319818126377;2.90808797415179;'P7','P5','P9','PO3','PO7','O1','I1','POz','Oz','Iz','P8','P6','PO4','PO8','P10','O2','I2'
11;[250 1000]ms;nonprimed;-7.46117799880169;2.79578675191427;'P7','P5','P9','PO3','PO7','O1','I1','POz','Oz','Iz','P8','P6','PO4','PO8','P10','O2','I2'
11;[1000 1750]ms;nonprimed;-6.46280604867181;2.83688733258198;'P7','P5','P9','PO3','PO7','O1','I1','POz','Oz','Iz','P8','P6','PO4','PO8','P10','O2','I2'
11;[250 1000]ms;not attended;-7.49076795168349;2.52210275373098;'P7','P5','P9','PO3','PO7','O1','I1','POz','Oz','Iz','P8','P6','PO4','PO8','P10','O2','I2'
11;[1000 1750]ms;not attended;-10.610327007025;2.45125845002964;'P7','P5','P9','PO3','PO7','O1','I1','POz','Oz','Iz','P8','P6','PO4','PO8','P10','O2','I2'
12;[250 1000]ms;primed;9.56710263707793;1.5601356496516;'P7','P5','P9','PO3','PO7','O1','I1','POz','Oz','Iz','P8','P6','PO4','PO8','P10','O2','I2'
12;[1000 1750]ms;primed;4.88732570225431;1.50209689222251;'P7','P5','P9','PO3','PO7','O1','I1','POz','Oz','Iz','P8','P6','PO4','PO8','P10','O2','I2'
12;[250 1000]ms;nonprimed;-9.52980394379789;1.31797733298692;'P7','P5','P9','PO3','PO7','O1','I1','POz','Oz','Iz','P8','P6','PO4','PO8','P10','O2','I2'
12;[1000 1750]ms;nonprimed;2.97301392620781;1.49920463049944;'P7','P5','P9','PO3','PO7','O1','I1','POz','Oz','Iz','P8','P6','PO4','PO8','P10','O2','I2'
12;[250 1000]ms;not attended;-6.49137679899681;1.31266549956758;'P7','P5','P9','PO3','PO7','O1','I1','POz','Oz','Iz','P8','P6','PO4','PO8','P10','O2','I2'
12;[1000 1750]ms;not attended;-5.03176174049115;1.3339049127913;'P7','P5','P9','PO3','PO7','O1','I1','POz','Oz','Iz','P8','P6','PO4','PO8','P10','O2','I2'
13;[250 1000]ms;primed;23.3503359396433;2.40714436871899;'P7','P5','P9','PO3','PO7','O1','I1','POz','Oz','Iz','P8','P6','PO4','PO8','P10','O2','I2'
13;[1000 1750]ms;primed;8.47200470855556;2.01667179971216;'P7','P5','P9','PO3','PO7','O1','I1','POz','Oz','Iz','P8','P6','PO4','PO8','P10','O2','I2'
13;[250 1000]ms;nonprimed;6.36370432581689;1.81626783736383;'P7','P5','P9','PO3','PO7','O1','I1','POz','Oz','Iz','P8','P6','PO4','PO8','P10','O2','I2'
13;[1000 1750]ms;nonprimed;17.7790512481506;1.98803892004531;'P7','P5','P9','PO3','PO7','O1','I1','POz','Oz','Iz','P8','P6','PO4','PO8','P10','O2','I2'
13;[250 1000]ms;not attended;6.90456474359912;1.8588110638648;'P7','P5','P9','PO3','PO7','O1','I1','POz','Oz','Iz','P8','P6','PO4','PO8','P10','O2','I2'
13;[1000 1750]ms;not attended;-2.04265982670473;1.69500402527576;'P7','P5','P9','PO3','PO7','O1','I1','POz','Oz','Iz','P8','P6','PO4','PO8','P10','O2','I2'
14;[250 1000]ms;primed;9.52185905348394;2.69990322516137;'P7','P5','P9','PO3','PO7','O1','I1','POz','Oz','Iz','P8','P6','PO4','PO8','P10','O2','I2'
14;[1000 1750]ms;primed;-2.76157146630828;2.47802622047896;'P7','P5','P9','PO3','PO7','O1','I1','POz','Oz','Iz','P8','P6','PO4','PO8','P10','O2','I2'
14;[250 1000]ms;nonprimed;-1.13887358367238;2.52957590421041;'P7','P5','P9','PO3','PO7','O1','I1','POz','Oz','Iz','P8','P6','PO4','PO8','P10','O2','I2'
14;[1000 1750]ms;nonprimed;5.30301298636341;2.66896036523314;'P7','P5','P9','PO3','PO7','O1','I1','POz','Oz','Iz','P8','P6','PO4','PO8','P10','O2','I2'
14;[250 1000]ms;not attended;-6.06224653565187;2.18059921715268;'P7','P5','P9','PO3','PO7','O1','I1','POz','Oz','Iz','P8','P6','PO4','PO8','P10','O2','I2'
14;[1000 1750]ms;not attended;-11.6342112075832;2.14526830526562;'P7','P5','P9','PO3','PO7','O1','I1','POz','Oz','Iz','P8','P6','PO4','PO8','P10','O2','I2'
15;[250 1000]ms;primed;15.0674893651222;2.56631098539149;'P7','P5','P9','PO3','PO7','O1','I1','POz','Oz','Iz','P8','P6','PO4','PO8','P10','O2','I2'
15;[1000 1750]ms;primed;-0.187911421162976;2.21532141035775;'P7','P5','P9','PO3','PO7','O1','I1','POz','Oz','Iz','P8','P6','PO4','PO8','P10','O2','I2'
15;[250 1000]ms;nonprimed;-24.8969088116872;1.89631352760538;'P7','P5','P9','PO3','PO7','O1','I1','POz','Oz','Iz','P8','P6','PO4','PO8','P10','O2','I2'
15;[1000 1750]ms;nonprimed;-12.1992190752652;2.26591500179055;'P7','P5','P9','PO3','PO7','O1','I1','POz','Oz','Iz','P8','P6','PO4','PO8','P10','O2','I2'
15;[250 1000]ms;not attended;-18.2743990773598;1.98343525801328;'P7','P5','P9','PO3','PO7','O1','I1','POz','Oz','Iz','P8','P6','PO4','PO8','P10','O2','I2'
15;[1000 1750]ms;not attended;-8.30438630851274;2.20131282462287;'P7','P5','P9','PO3','PO7','O1','I1','POz','Oz','Iz','P8','P6','PO4','PO8','P10','O2','I2'
16;[250 1000]ms;primed;15.7888963468296;5.68785620063441;'P7','P5','P9','PO3','PO7','O1','I1','POz','Oz','Iz','P8','P6','PO4','PO8','P10','O2','I2'
16;[1000 1750]ms;primed;4.26995839122235;5.200005328942;'P7','P5','P9','PO3','PO7','O1','I1','POz','Oz','Iz','P8','P6','PO4','PO8','P10','O2','I2'
16;[250 1000]ms;nonprimed;-12.9165216967003;4.91316335881289;'P7','P5','P9','PO3','PO7','O1','I1','POz','Oz','Iz','P8','P6','PO4','PO8','P10','O2','I2'
16;[1000 1750]ms;nonprimed;4.50507351950681;5.69868113740613;'P7','P5','P9','PO3','PO7','O1','I1','POz','Oz','Iz','P8','P6','PO4','PO8','P10','O2','I2'
16;[250 1000]ms;not attended;-14.9384208790625;4.71505026637074;'P7','P5','P9','PO3','PO7','O1','I1','POz','Oz','Iz','P8','P6','PO4','PO8','P10','O2','I2'
16;[1000 1750]ms;not attended;-15.536932478246;4.80937654373982;'P7','P5','P9','PO3','PO7','O1','I1','POz','Oz','Iz','P8','P6','PO4','PO8','P10','O2','I2'
17;[250 1000]ms;primed;1.76329600114593;2.03044367410063;'P7','P5','P9','PO3','PO7','O1','I1','POz','Oz','Iz','P8','P6','PO4','PO8','P10','O2','I2'
17;[1000 1750]ms;primed;7.2576524031531;2.14590766462673;'P7','P5','P9','PO3','PO7','O1','I1','POz','Oz','Iz','P8','P6','PO4','PO8','P10','O2','I2'
17;[250 1000]ms;nonprimed;5.2656022994379;2.0863942411757;'P7','P5','P9','PO3','PO7','O1','I1','POz','Oz','Iz','P8','P6','PO4','PO8','P10','O2','I2'
17;[1000 1750]ms;nonprimed;4.13242243163774;2.07297220918321;'P7','P5','P9','PO3','PO7','O1','I1','POz','Oz','Iz','P8','P6','PO4','PO8','P10','O2','I2'
17;[250 1000]ms;not attended;-2.34545096744786;2.09316670403038;'P7','P5','P9','PO3','PO7','O1','I1','POz','Oz','Iz','P8','P6','PO4','PO8','P10','O2','I2'
17;[1000 1750]ms;not attended;-10.5517688190814;1.90732692443218;'P7','P5','P9','PO3','PO7','O1','I1','POz','Oz','Iz','P8','P6','PO4','PO8','P10','O2','I2'
18;[250 1000]ms;primed;15.4575851610846;4.30852629433793;'P7','P5','P9','PO3','PO7','O1','I1','POz','Oz','Iz','P8','P6','PO4','PO8','P10','O2','I2'
18;[1000 1750]ms;primed;9.51849830765085;3.94893734110999;'P7','P5','P9','PO3','PO7','O1','I1','POz','Oz','Iz','P8','P6','PO4','PO8','P10','O2','I2'
18;[250 1000]ms;nonprimed;-6.98688068504596;3.69423860598266;'P7','P5','P9','PO3','PO7','O1','I1','POz','Oz','Iz','P8','P6','PO4','PO8','P10','O2','I2'
18;[1000 1750]ms;nonprimed;1.61779051220294;3.99155277116192;'P7','P5','P9','PO3','PO7','O1','I1','POz','Oz','Iz','P8','P6','PO4','PO8','P10','O2','I2'
18;[250 1000]ms;not attended;-7.35000830171854;3.54227757208126;'P7','P5','P9','PO3','PO7','O1','I1','POz','Oz','Iz','P8','P6','PO4','PO8','P10','O2','I2'
18;[1000 1750]ms;not attended;-22.6368652979533;3.06458113918599;'P7','P5','P9','PO3','PO7','O1','I1','POz','Oz','Iz','P8','P6','PO4','PO8','P10','O2','I2'
19;[250 1000]ms;primed;-2.09105189887109;4.99616733531362;'P7','P5','P9','PO3','PO7','O1','I1','POz','Oz','Iz','P8','P6','PO4','PO8','P10','O2','I2'
19;[1000 1750]ms;primed;-4.86385556184959;4.86835135299316;'P7','P5','P9','PO3','PO7','O1','I1','POz','Oz','Iz','P8','P6','PO4','PO8','P10','O2','I2'
19;[250 1000]ms;nonprimed;-16.1493271601569;4.37534032736447;'P7','P5','P9','PO3','PO7','O1','I1','POz','Oz','Iz','P8','P6','PO4','PO8','P10','O2','I2'
19;[1000 1750]ms;nonprimed;-0.624885161717733;5.18518052150294;'P7','P5','P9','PO3','PO7','O1','I1','POz','Oz','Iz','P8','P6','PO4','PO8','P10','O2','I2'
19;[250 1000]ms;not attended;-18.2502084704199;4.17127276532019;'P7','P5','P9','PO3','PO7','O1','I1','POz','Oz','Iz','P8','P6','PO4','PO8','P10','O2','I2'
19;[1000 1750]ms;not attended;-8.60635659620934;4.67519755379851;'P7','P5','P9','PO3','PO7','O1','I1','POz','Oz','Iz','P8','P6','PO4','PO8','P10','O2','I2'
20;[250 1000]ms;primed;-0.951820244084519;1.67675776559463;'P7','P5','P9','PO3','PO7','O1','I1','POz','Oz','Iz','P8','P6','PO4','PO8','P10','O2','I2'
20;[1000 1750]ms;primed;-7.50843802104701;1.61872402581153;'P7','P5','P9','PO3','PO7','O1','I1','POz','Oz','Iz','P8','P6','PO4','PO8','P10','O2','I2'
20;[250 1000]ms;nonprimed;-1.27610822969286;1.71879580893467;'P7','P5','P9','PO3','PO7','O1','I1','POz','Oz','Iz','P8','P6','PO4','PO8','P10','O2','I2'
20;[1000 1750]ms;nonprimed;-7.7179131557032;1.61035741747859;'P7','P5','P9','PO3','PO7','O1','I1','POz','Oz','Iz','P8','P6','PO4','PO8','P10','O2','I2'
20;[250 1000]ms;not attended;-4.87692627054719;1.45873257384677;'P7','P5','P9','PO3','PO7','O1','I1','POz','Oz','Iz','P8','P6','PO4','PO8','P10','O2','I2'
20;[1000 1750]ms;not attended;-7.49014185056654;1.4162162814763;'P7','P5','P9','PO3','PO7','O1','I1','POz','Oz','Iz','P8','P6','PO4','PO8','P10','O2','I2'
21;[250 1000]ms;primed;14.263787641558;4.69186209976878;'P7','P5','P9','PO3','PO7','O1','I1','POz','Oz','Iz','P8','P6','PO4','PO8','P10','O2','I2'
21;[1000 1750]ms;primed;7.83638413911013;4.47655583247286;'P7','P5','P9','PO3','PO7','O1','I1','POz','Oz','Iz','P8','P6','PO4','PO8','P10','O2','I2'
21;[250 1000]ms;nonprimed;4.22234923569197;3.69753015491971;'P7','P5','P9','PO3','PO7','O1','I1','POz','Oz','Iz','P8','P6','PO4','PO8','P10','O2','I2'
21;[1000 1750]ms;nonprimed;5.69019867792162;4.01832300567955;'P7','P5','P9','PO3','PO7','O1','I1','POz','Oz','Iz','P8','P6','PO4','PO8','P10','O2','I2'
21;[250 1000]ms;not attended;-13.5339133075832;3.35344125151225;'P7','P5','P9','PO3','PO7','O1','I1','POz','Oz','Iz','P8','P6','PO4','PO8','P10','O2','I2'
21;[1000 1750]ms;not attended;-14.4956721931798;3.39945625767265;'P7','P5','P9','PO3','PO7','O1','I1','POz','Oz','Iz','P8','P6','PO4','PO8','P10','O2','I2'
22;[250 1000]ms;primed;-2.16632108180384;1.26797597719632;'P7','P5','P9','PO3','PO7','O1','I1','POz','Oz','Iz','P8','P6','PO4','PO8','P10','O2','I2'
22;[1000 1750]ms;primed;-20.1535893936747;1.04503000765732;'P7','P5','P9','PO3','PO7','O1','I1','POz','Oz','Iz','P8','P6','PO4','PO8','P10','O2','I2'
22;[250 1000]ms;nonprimed;-25.5442239320565;0.900218668672227;'P7','P5','P9','PO3','PO7','O1','I1','POz','Oz','Iz','P8','P6','PO4','PO8','P10','O2','I2'
22;[1000 1750]ms;nonprimed;-3.75345655732958;1.16985017225095;'P7','P5','P9','PO3','PO7','O1','I1','POz','Oz','Iz','P8','P6','PO4','PO8','P10','O2','I2'
22;[250 1000]ms;not attended;-4.55723555145395;0.927415311950998;'P7','P5','P9','PO3','PO7','O1','I1','POz','Oz','Iz','P8','P6','PO4','PO8','P10','O2','I2'
22;[1000 1750]ms;not attended;3.39515916342588;0.963558847551903;'P7','P5','P9','PO3','PO7','O1','I1','POz','Oz','Iz','P8','P6','PO4','PO8','P10','O2','I2'
23;[250 1000]ms;primed;15.3144404503078;2.03924531092758;'P7','P5','P9','PO3','PO7','O1','I1','POz','Oz','Iz','P8','P6','PO4','PO8','P10','O2','I2'
23;[1000 1750]ms;primed;1.64805223851679;1.80757488376906;'P7','P5','P9','PO3','PO7','O1','I1','POz','Oz','Iz','P8','P6','PO4','PO8','P10','O2','I2'
23;[250 1000]ms;nonprimed;8.96374012104834;1.62370681578351;'P7','P5','P9','PO3','PO7','O1','I1','POz','Oz','Iz','P8','P6','PO4','PO8','P10','O2','I2'
23;[1000 1750]ms;nonprimed;24.4844180767479;1.9521563044938;'P7','P5','P9','PO3','PO7','O1','I1','POz','Oz','Iz','P8','P6','PO4','PO8','P10','O2','I2'
23;[250 1000]ms;not attended;-14.2980594249935;1.37012087807213;'P7','P5','P9','PO3','PO7','O1','I1','POz','Oz','Iz','P8','P6','PO4','PO8','P10','O2','I2'
23;[1000 1750]ms;not attended;4.64993330047712;1.61547865490733;'P7','P5','P9','PO3','PO7','O1','I1','POz','Oz','Iz','P8','P6','PO4','PO8','P10','O2','I2'
24;[250 1000]ms;primed;16.0669082775968;3.34204998335887;'P7','P5','P9','PO3','PO7','O1','I1','POz','Oz','Iz','P8','P6','PO4','PO8','P10','O2','I2'
24;[1000 1750]ms;primed;-0.347307990916406;3.07669051856929;'P7','P5','P9','PO3','PO7','O1','I1','POz','Oz','Iz','P8','P6','PO4','PO8','P10','O2','I2'
24;[250 1000]ms;nonprimed;-8.44150855614967;2.8173375322237;'P7','P5','P9','PO3','PO7','O1','I1','POz','Oz','Iz','P8','P6','PO4','PO8','P10','O2','I2'
24;[1000 1750]ms;nonprimed;9.53307805356291;3.25966097071408;'P7','P5','P9','PO3','PO7','O1','I1','POz','Oz','Iz','P8','P6','PO4','PO8','P10','O2','I2'
24;[250 1000]ms;not attended;-4.94011390086302;2.93769674407657;'P7','P5','P9','PO3','PO7','O1','I1','POz','Oz','Iz','P8','P6','PO4','PO8','P10','O2','I2'
24;[1000 1750]ms;not attended;-0.957855012408647;3.02541467987795;'P7','P5','P9','PO3','PO7','O1','I1','POz','Oz','Iz','P8','P6','PO4','PO8','P10','O2','I2'
25;[250 1000]ms;primed;24.0525935408995;3.12107777144901;'P7','P5','P9','PO3','PO7','O1','I1','POz','Oz','Iz','P8','P6','PO4','PO8','P10','O2','I2'
25;[1000 1750]ms;primed;15.5844265685458;2.95752341210637;'P7','P5','P9','PO3','PO7','O1','I1','POz','Oz','Iz','P8','P6','PO4','PO8','P10','O2','I2'
25;[250 1000]ms;nonprimed;-6.44110520434953;2.44866722084812;'P7','P5','P9','PO3','PO7','O1','I1','POz','Oz','Iz','P8','P6','PO4','PO8','P10','O2','I2'
25;[1000 1750]ms;nonprimed;8.26695279485172;2.74945893750568;'P7','P5','P9','PO3','PO7','O1','I1','POz','Oz','Iz','P8','P6','PO4','PO8','P10','O2','I2'
25;[250 1000]ms;not attended;-9.20531581357582;2.32659419828264;'P7','P5','P9','PO3','PO7','O1','I1','POz','Oz','Iz','P8','P6','PO4','PO8','P10','O2','I2'
25;[1000 1750]ms;not attended;8.5037886359028;2.55264867376216;'P7','P5','P9','PO3','PO7','O1','I1','POz','Oz','Iz','P8','P6','PO4','PO8','P10','O2','I2'
26;[250 1000]ms;primed;13.0579961108178;1.82973602690648;'P7','P5','P9','PO3','PO7','O1','I1','POz','Oz','Iz','P8','P6','PO4','PO8','P10','O2','I2'
26;[1000 1750]ms;primed;1.1543292524069;1.6418161089068;'P7','P5','P9','PO3','PO7','O1','I1','POz','Oz','Iz','P8','P6','PO4','PO8','P10','O2','I2'
26;[250 1000]ms;nonprimed;-21.057033154563;1.48230570206527;'P7','P5','P9','PO3','PO7','O1','I1','POz','Oz','Iz','P8','P6','PO4','PO8','P10','O2','I2'
26;[1000 1750]ms;nonprimed;-15.8898529408314;1.64601016577167;'P7','P5','P9','PO3','PO7','O1','I1','POz','Oz','Iz','P8','P6','PO4','PO8','P10','O2','I2'
26;[250 1000]ms;not attended;-18.1732913685828;1.46764495774233;'P7','P5','P9','PO3','PO7','O1','I1','POz','Oz','Iz','P8','P6','PO4','PO8','P10','O2','I2'
26;[1000 1750]ms;not attended;-10.0330112660464;1.60503364367174;'P7','P5','P9','PO3','PO7','O1','I1','POz','Oz','Iz','P8','P6','PO4','PO8','P10','O2','I2'
27;[250 1000]ms;primed;19.5008277040986;4.25019484369206;'P7','P5','P9','PO3','PO7','O1','I1','POz','Oz','Iz','P8','P6','PO4','PO8','P10','O2','I2'
27;[1000 1750]ms;primed;-7.8033036145148;3.42585993837245;'P7','P5','P9','PO3','PO7','O1','I1','POz','Oz','Iz','P8','P6','PO4','PO8','P10','O2','I2'
27;[250 1000]ms;nonprimed;-15.5762855990236;3.23028029240284;'P7','P5','P9','PO3','PO7','O1','I1','POz','Oz','Iz','P8','P6','PO4','PO8','P10','O2','I2'
27;[1000 1750]ms;nonprimed;-15.2769500299827;3.25626011976262;'P7','P5','P9','PO3','PO7','O1','I1','POz','Oz','Iz','P8','P6','PO4','PO8','P10','O2','I2'
27;[250 1000]ms;not attended;-10.3194088542584;3.45352352361908;'P7','P5','P9','PO3','PO7','O1','I1','POz','Oz','Iz','P8','P6','PO4','PO8','P10','O2','I2'
27;[1000 1750]ms;not attended;8.36563720653966;4.06568009009476;'P7','P5','P9','PO3','PO7','O1','I1','POz','Oz','Iz','P8','P6','PO4','PO8','P10','O2','I2'
